dCount,HGVR3,HGVA3,RCat,A Ref N,B Ref E,A Ref E,2WMV,HGVR4,CAR,ONS LA Name,B Ref N,ONS LACode,CP,HGV,Hour,PC,B-Junction,iDir,HGVR2,BUS,S Ref E,A-Junction,S Ref N,Road,CP Location,HGVA6,Region Name (GO),Road Name,HGVA5,LGV,AMV,Year
4/27/2015,0,0,CR,,,,0,0,5,Bath and North East Somerset,,E06000022,946675,0,7,0,,E,0,0,372710,,169217,C,Langridge (north of Bath),0,South West,Lanridge Lane,0,2,7,2015
4/27/2015,0,0,CR,,,,0,0,3,Bath and North East Somerset,,E06000022,946675,0,8,0,,E,0,0,372710,,169217,C,Langridge (north of Bath),0,South West,Lanridge Lane,0,3,6,2015
4/27/2015,0,0,CR,,,,0,0,7,Bath and North East Somerset,,E06000022,946675,0,9,0,,E,0,0,372710,,169217,C,Langridge (north of Bath),0,South West,Lanridge Lane,0,0,7,2015
4/27/2015,0,0,CR,,,,0,0,2,Bath and North East Somerset,,E06000022,946675,0,10,0,,E,0,0,372710,,169217,C,Langridge (north of Bath),0,South West,Lanridge Lane,0,1,3,2015
4/27/2015,0,0,CR,,,,0,0,6,Bath and North East Somerset,,E06000022,946675,2,11,0,,E,1,0,372710,,169217,C,Langridge (north of Bath),0,South West,Lanridge Lane,1,2,10,2015
4/27/2015,0,0,CR,,,,0,0,3,Bath and North East Somerset,,E06000022,946675,0,12,0,,E,0,0,372710,,169217,C,Langridge (north of Bath),0,South West,Lanridge Lane,0,0,3,2015
4/27/2015,0,0,CR,,,,0,0,5,Bath and North East Somerset,,E06000022,946675,1,13,0,,E,1,0,372710,,169217,C,Langridge (north of Bath),0,South West,Lanridge Lane,0,1,7,2015
4/27/2015,0,0,CR,,,,0,0,6,Bath and North East Somerset,,E06000022,946675,0,14,0,,E,0,0,372710,,169217,C,Langridge (north of Bath),0,South West,Lanridge Lane,0,0,6,2015
4/27/2015,0,0,CR,,,,0,0,5,Bath and North East Somerset,,E06000022,946675,0,15,0,,E,0,0,372710,,169217,C,Langridge (north of Bath),0,South West,Lanridge Lane,0,0,5,2015
4/27/2015,0,0,CR,,,,0,0,3,Bath and North East Somerset,,E06000022,946675,0,16,0,,E,0,0,372710,,169217,C,Langridge (north of Bath),0,South West,Lanridge Lane,0,1,4,2015
4/27/2015,0,0,CR,,,,0,0,6,Bath and North East Somerset,,E06000022,946675,0,17,0,,E,0,0,372710,,169217,C,Langridge (north of Bath),0,South West,Lanridge Lane,0,0,6,2015
4/27/2015,0,0,CR,,,,0,0,4,Bath and North East Somerset,,E06000022,946675,0,18,0,,E,0,0,372710,,169217,C,Langridge (north of Bath),0,South West,Lanridge Lane,0,0,4,2015
4/27/2015,0,0,CR,,,,0,0,4,Bath and North East Somerset,,E06000022,946675,0,7,0,,W,0,0,372710,,169217,C,Langridge (north of Bath),0,South West,Lanridge Lane,0,0,4,2015
4/27/2015,0,0,CR,,,,0,0,14,Bath and North East Somerset,,E06000022,946675,0,8,0,,W,0,0,372710,,169217,C,Langridge (north of Bath),0,South West,Lanridge Lane,0,2,16,2015
4/27/2015,0,0,CR,,,,0,0,14,Bath and North East Somerset,,E06000022,946675,0,9,0,,W,0,0,372710,,169217,C,Langridge (north of Bath),0,South West,Lanridge Lane,0,1,15,2015
4/27/2015,0,0,CR,,,,0,0,6,Bath and North East Somerset,,E06000022,946675,0,10,0,,W,0,0,372710,,169217,C,Langridge (north of Bath),0,South West,Lanridge Lane,0,1,7,2015
4/27/2015,0,0,CR,,,,0,0,4,Bath and North East Somerset,,E06000022,946675,2,11,0,,W,1,0,372710,,169217,C,Langridge (north of Bath),0,South West,Lanridge Lane,1,0,6,2015
4/27/2015,0,0,CR,,,,0,0,5,Bath and North East Somerset,,E06000022,946675,0,12,0,,W,0,0,372710,,169217,C,Langridge (north of Bath),0,South West,Lanridge Lane,0,0,5,2015
4/27/2015,0,0,CR,,,,0,0,6,Bath and North East Somerset,,E06000022,946675,1,13,0,,W,1,0,372710,,169217,C,Langridge (north of Bath),0,South West,Lanridge Lane,0,0,7,2015
4/27/2015,0,0,CR,,,,0,0,5,Bath and North East Somerset,,E06000022,946675,1,14,0,,W,1,0,372710,,169217,C,Langridge (north of Bath),0,South West,Lanridge Lane,0,0,6,2015
4/27/2015,0,0,CR,,,,0,0,3,Bath and North East Somerset,,E06000022,946675,1,15,0,,W,1,0,372710,,169217,C,Langridge (north of Bath),0,South West,Lanridge Lane,0,0,4,2015
4/27/2015,0,0,CR,,,,0,0,10,Bath and North East Somerset,,E06000022,946675,0,16,0,,W,0,0,372710,,169217,C,Langridge (north of Bath),0,South West,Lanridge Lane,0,2,12,2015
4/27/2015,0,0,CR,,,,0,0,6,Bath and North East Somerset,,E06000022,946675,0,17,0,,W,0,0,372710,,169217,C,Langridge (north of Bath),0,South West,Lanridge Lane,0,0,6,2015
4/27/2015,0,0,CR,,,,0,0,9,Bath and North East Somerset,,E06000022,946675,0,18,0,,W,0,0,372710,,169217,C,Langridge (north of Bath),0,South West,Lanridge Lane,0,0,9,2015
4/27/2015,0,0,UU,,,,0,0,11,North Somerset,,E06000024,947289,0,7,0,,E,0,0,344231,,175649,U,Portishead,0,South West,HILLCREST ROAD,0,2,13,2015
4/27/2015,0,0,UU,,,,0,0,42,North Somerset,,E06000024,947289,0,8,0,,E,0,0,344231,,175649,U,Portishead,0,South West,HILLCREST ROAD,0,4,46,2015
4/27/2015,0,0,UU,,,,1,0,23,North Somerset,,E06000024,947289,0,9,0,,E,0,0,344231,,175649,U,Portishead,0,South West,HILLCREST ROAD,0,4,28,2015
4/27/2015,0,0,UU,,,,0,0,31,North Somerset,,E06000024,947289,0,10,0,,E,0,0,344231,,175649,U,Portishead,0,South West,HILLCREST ROAD,0,1,32,2015
4/27/2015,0,0,UU,,,,0,0,21,North Somerset,,E06000024,947289,0,11,0,,E,0,0,344231,,175649,U,Portishead,0,South West,HILLCREST ROAD,0,3,24,2015
4/27/2015,0,0,UU,,,,1,0,22,North Somerset,,E06000024,947289,0,12,0,,E,0,0,344231,,175649,U,Portishead,0,South West,HILLCREST ROAD,0,1,24,2015
4/27/2015,0,0,UU,,,,0,0,25,North Somerset,,E06000024,947289,0,13,0,,E,0,0,344231,,175649,U,Portishead,0,South West,HILLCREST ROAD,0,3,28,2015
4/27/2015,0,0,UU,,,,0,0,23,North Somerset,,E06000024,947289,0,14,0,,E,0,0,344231,,175649,U,Portishead,0,South West,HILLCREST ROAD,0,3,26,2015
4/27/2015,0,0,UU,,,,0,0,35,North Somerset,,E06000024,947289,1,15,0,,E,1,0,344231,,175649,U,Portishead,0,South West,HILLCREST ROAD,0,3,39,2015
4/27/2015,0,0,UU,,,,0,0,20,North Somerset,,E06000024,947289,0,16,0,,E,0,0,344231,,175649,U,Portishead,0,South West,HILLCREST ROAD,0,1,21,2015
4/27/2015,0,0,UU,,,,0,0,38,North Somerset,,E06000024,947289,0,17,1,,E,0,0,344231,,175649,U,Portishead,0,South West,HILLCREST ROAD,0,0,38,2015
4/27/2015,0,0,UU,,,,0,0,37,North Somerset,,E06000024,947289,0,18,0,,E,0,0,344231,,175649,U,Portishead,0,South West,HILLCREST ROAD,0,2,39,2015
4/27/2015,0,0,UU,,,,0,0,13,North Somerset,,E06000024,947289,0,7,0,,W,0,0,344231,,175649,U,Portishead,0,South West,HILLCREST ROAD,0,1,14,2015
4/27/2015,0,0,UU,,,,1,0,27,North Somerset,,E06000024,947289,0,8,0,,W,0,0,344231,,175649,U,Portishead,0,South West,HILLCREST ROAD,0,4,32,2015
4/27/2015,0,0,UU,,,,0,0,30,North Somerset,,E06000024,947289,0,9,0,,W,0,0,344231,,175649,U,Portishead,0,South West,HILLCREST ROAD,0,2,32,2015
4/27/2015,0,0,UU,,,,0,0,33,North Somerset,,E06000024,947289,1,10,1,,W,1,0,344231,,175649,U,Portishead,0,South West,HILLCREST ROAD,0,1,35,2015
4/27/2015,0,0,UU,,,,0,0,27,North Somerset,,E06000024,947289,0,11,0,,W,0,0,344231,,175649,U,Portishead,0,South West,HILLCREST ROAD,0,6,33,2015
4/27/2015,0,0,UU,,,,0,0,22,North Somerset,,E06000024,947289,0,12,0,,W,0,0,344231,,175649,U,Portishead,0,South West,HILLCREST ROAD,0,2,24,2015
4/27/2015,0,0,UU,,,,0,0,24,North Somerset,,E06000024,947289,1,13,0,,W,1,0,344231,,175649,U,Portishead,0,South West,HILLCREST ROAD,0,1,26,2015
4/27/2015,1,0,UU,,,,0,0,23,North Somerset,,E06000024,947289,1,14,0,,W,0,0,344231,,175649,U,Portishead,0,South West,HILLCREST ROAD,0,2,26,2015
4/27/2015,0,0,UU,,,,1,0,36,North Somerset,,E06000024,947289,0,15,1,,W,0,0,344231,,175649,U,Portishead,0,South West,HILLCREST ROAD,0,2,39,2015
4/27/2015,0,0,UU,,,,1,0,20,North Somerset,,E06000024,947289,0,16,0,,W,0,0,344231,,175649,U,Portishead,0,South West,HILLCREST ROAD,0,2,23,2015
4/27/2015,0,0,UU,,,,0,0,29,North Somerset,,E06000024,947289,0,17,0,,W,0,0,344231,,175649,U,Portishead,0,South West,HILLCREST ROAD,0,1,30,2015
4/27/2015,0,0,UU,,,,0,0,26,North Somerset,,E06000024,947289,0,18,0,,W,0,0,344231,,175649,U,Portishead,0,South West,HILLCREST ROAD,0,4,30,2015
4/13/2015,3,0,PR,164091,347970,343792,16,6,805,North Somerset,167990,E06000024,6994,24,7,9,"Chelvey Rd, Backwell",E,12,8,346160,B3133 Smallways,166250,A370,,1,South West,,2,87,940,2015
4/13/2015,1,1,PR,164091,347970,343792,19,6,638,North Somerset,167990,E06000024,6994,22,8,8,"Chelvey Rd, Backwell",E,11,12,346160,B3133 Smallways,166250,A370,,0,South West,,3,94,785,2015
4/13/2015,0,1,PR,164091,347970,343792,8,7,418,North Somerset,167990,E06000024,6994,23,9,0,"Chelvey Rd, Backwell",E,14,5,346160,B3133 Smallways,166250,A370,,0,South West,,1,80,534,2015
4/13/2015,1,1,PR,164091,347970,343792,2,4,367,North Somerset,167990,E06000024,6994,21,10,1,"Chelvey Rd, Backwell",E,12,5,346160,B3133 Smallways,166250,A370,,1,South West,,2,64,459,2015
4/13/2015,0,4,PR,164091,347970,343792,3,3,378,North Somerset,167990,E06000024,6994,22,11,1,"Chelvey Rd, Backwell",E,13,5,346160,B3133 Smallways,166250,A370,,1,South West,,1,51,459,2015
4/13/2015,5,2,PR,164091,347970,343792,3,2,355,North Somerset,167990,E06000024,6994,24,12,1,"Chelvey Rd, Backwell",E,12,4,346160,B3133 Smallways,166250,A370,,0,South West,,3,49,435,2015
4/13/2015,3,1,PR,164091,347970,343792,0,0,321,North Somerset,167990,E06000024,6994,10,13,1,"Chelvey Rd, Backwell",E,2,5,346160,B3133 Smallways,166250,A370,,1,South West,,3,54,390,2015
4/13/2015,0,1,PR,164091,347970,343792,3,5,405,North Somerset,167990,E06000024,6994,22,14,2,"Chelvey Rd, Backwell",E,15,7,346160,B3133 Smallways,166250,A370,,0,South West,,1,62,499,2015
4/13/2015,3,2,PR,164091,347970,343792,5,4,384,North Somerset,167990,E06000024,6994,25,15,1,"Chelvey Rd, Backwell",E,14,8,346160,B3133 Smallways,166250,A370,,0,South West,,2,71,493,2015
4/13/2015,1,0,PR,164091,347970,343792,2,2,443,North Somerset,167990,E06000024,6994,8,16,2,"Chelvey Rd, Backwell",E,3,6,346160,B3133 Smallways,166250,A370,,2,South West,,0,68,527,2015
4/13/2015,0,1,PR,164091,347970,343792,10,1,466,North Somerset,167990,E06000024,6994,4,17,7,"Chelvey Rd, Backwell",E,2,5,346160,B3133 Smallways,166250,A370,,0,South West,,0,73,558,2015
4/13/2015,1,0,PR,164091,347970,343792,3,0,408,North Somerset,167990,E06000024,6994,4,18,3,"Chelvey Rd, Backwell",E,1,3,346160,B3133 Smallways,166250,A370,,2,South West,,0,25,443,2015
4/13/2015,3,0,PR,164091,347970,343792,6,9,306,North Somerset,167990,E06000024,6994,26,7,0,"Chelvey Rd, Backwell",W,13,8,346160,B3133 Smallways,166250,A370,,0,South West,,1,54,400,2015
4/13/2015,2,0,PR,164091,347970,343792,3,6,408,North Somerset,167990,E06000024,6994,27,8,1,"Chelvey Rd, Backwell",W,10,2,346160,B3133 Smallways,166250,A370,,6,South West,,3,86,526,2015
4/13/2015,1,0,PR,164091,347970,343792,2,6,335,North Somerset,167990,E06000024,6994,52,9,2,"Chelvey Rd, Backwell",W,39,8,346160,B3133 Smallways,166250,A370,,4,South West,,2,59,456,2015
4/13/2015,3,2,PR,164091,347970,343792,1,5,355,North Somerset,167990,E06000024,6994,39,10,2,"Chelvey Rd, Backwell",W,25,4,346160,B3133 Smallways,166250,A370,,2,South West,,2,68,467,2015
4/13/2015,7,1,PR,164091,347970,343792,2,0,346,North Somerset,167990,E06000024,6994,26,11,3,"Chelvey Rd, Backwell",W,10,5,346160,B3133 Smallways,166250,A370,,5,South West,,3,52,431,2015
4/13/2015,1,2,PR,164091,347970,343792,6,2,378,North Somerset,167990,E06000024,6994,29,12,0,"Chelvey Rd, Backwell",W,13,4,346160,B3133 Smallways,166250,A370,,8,South West,,3,81,498,2015
4/13/2015,3,2,PR,164091,347970,343792,4,4,364,North Somerset,167990,E06000024,6994,22,13,0,"Chelvey Rd, Backwell",W,8,4,346160,B3133 Smallways,166250,A370,,3,South West,,2,60,454,2015
4/13/2015,1,0,PR,164091,347970,343792,2,1,399,North Somerset,167990,E06000024,6994,23,14,1,"Chelvey Rd, Backwell",W,13,5,346160,B3133 Smallways,166250,A370,,5,South West,,3,72,501,2015
4/13/2015,1,1,PR,164091,347970,343792,5,4,460,North Somerset,167990,E06000024,6994,28,15,1,"Chelvey Rd, Backwell",W,16,6,346160,B3133 Smallways,166250,A370,,5,South West,,1,70,569,2015
4/13/2015,2,0,PR,164091,347970,343792,15,1,732,North Somerset,167990,E06000024,6994,9,16,4,"Chelvey Rd, Backwell",W,1,12,346160,B3133 Smallways,166250,A370,,2,South West,,3,105,873,2015
4/13/2015,1,0,PR,164091,347970,343792,26,0,819,North Somerset,167990,E06000024,6994,4,17,9,"Chelvey Rd, Backwell",W,3,4,346160,B3133 Smallways,166250,A370,,0,South West,,0,81,934,2015
4/13/2015,0,0,PR,164091,347970,343792,17,0,698,North Somerset,167990,E06000024,6994,5,18,19,"Chelvey Rd, Backwell",W,3,4,346160,B3133 Smallways,166250,A370,,1,South West,,1,55,779,2015
4/13/2015,0,0,UU,,,,0,0,5,"Bristol, City of",,E06000023,946814,0,7,1,,E,0,0,357522,,175137,U,West of Redland Road,0,South West,WESTMORELAND ROAD,0,2,7,2015
4/13/2015,0,0,UU,,,,0,0,12,"Bristol, City of",,E06000023,946814,0,8,0,,E,0,0,357522,,175137,U,West of Redland Road,0,South West,WESTMORELAND ROAD,0,2,14,2015
4/13/2015,0,0,UU,,,,0,0,12,"Bristol, City of",,E06000023,946814,0,9,1,,E,0,0,357522,,175137,U,West of Redland Road,0,South West,WESTMORELAND ROAD,0,2,14,2015
4/13/2015,0,0,UU,,,,0,0,6,"Bristol, City of",,E06000023,946814,0,10,0,,E,0,0,357522,,175137,U,West of Redland Road,0,South West,WESTMORELAND ROAD,0,5,11,2015
4/13/2015,0,0,UU,,,,0,0,12,"Bristol, City of",,E06000023,946814,0,11,0,,E,0,0,357522,,175137,U,West of Redland Road,0,South West,WESTMORELAND ROAD,0,2,14,2015
4/13/2015,0,0,UU,,,,0,0,5,"Bristol, City of",,E06000023,946814,0,12,2,,E,0,0,357522,,175137,U,West of Redland Road,0,South West,WESTMORELAND ROAD,0,0,5,2015
4/13/2015,0,0,UU,,,,0,0,2,"Bristol, City of",,E06000023,946814,0,13,1,,E,0,0,357522,,175137,U,West of Redland Road,0,South West,WESTMORELAND ROAD,0,0,2,2015
4/13/2015,0,0,UU,,,,0,0,11,"Bristol, City of",,E06000023,946814,0,14,1,,E,0,0,357522,,175137,U,West of Redland Road,0,South West,WESTMORELAND ROAD,0,1,12,2015
4/13/2015,0,0,UU,,,,0,0,9,"Bristol, City of",,E06000023,946814,0,15,3,,E,0,0,357522,,175137,U,West of Redland Road,0,South West,WESTMORELAND ROAD,0,2,11,2015
4/13/2015,0,0,UU,,,,0,0,17,"Bristol, City of",,E06000023,946814,0,16,1,,E,0,0,357522,,175137,U,West of Redland Road,0,South West,WESTMORELAND ROAD,0,1,18,2015
4/13/2015,0,0,UU,,,,1,0,19,"Bristol, City of",,E06000023,946814,0,17,3,,E,0,0,357522,,175137,U,West of Redland Road,0,South West,WESTMORELAND ROAD,0,2,22,2015
4/13/2015,0,0,UU,,,,0,0,7,"Bristol, City of",,E06000023,946814,0,18,3,,E,0,0,357522,,175137,U,West of Redland Road,0,South West,WESTMORELAND ROAD,0,0,7,2015
4/13/2015,0,0,UU,,,,0,0,11,"Bristol, City of",,E06000023,946814,0,7,2,,W,0,0,357522,,175137,U,West of Redland Road,0,South West,WESTMORELAND ROAD,0,0,11,2015
4/13/2015,0,0,UU,,,,0,0,25,"Bristol, City of",,E06000023,946814,0,8,6,,W,0,0,357522,,175137,U,West of Redland Road,0,South West,WESTMORELAND ROAD,0,0,25,2015
4/13/2015,0,0,UU,,,,0,0,13,"Bristol, City of",,E06000023,946814,0,9,3,,W,0,0,357522,,175137,U,West of Redland Road,0,South West,WESTMORELAND ROAD,0,2,15,2015
4/13/2015,0,0,UU,,,,0,0,6,"Bristol, City of",,E06000023,946814,0,10,0,,W,0,0,357522,,175137,U,West of Redland Road,0,South West,WESTMORELAND ROAD,0,2,8,2015
4/13/2015,0,0,UU,,,,0,0,5,"Bristol, City of",,E06000023,946814,0,11,0,,W,0,0,357522,,175137,U,West of Redland Road,0,South West,WESTMORELAND ROAD,0,0,5,2015
4/13/2015,0,0,UU,,,,0,0,4,"Bristol, City of",,E06000023,946814,0,12,0,,W,0,0,357522,,175137,U,West of Redland Road,0,South West,WESTMORELAND ROAD,0,0,4,2015
4/13/2015,0,0,UU,,,,0,0,4,"Bristol, City of",,E06000023,946814,0,13,0,,W,0,0,357522,,175137,U,West of Redland Road,0,South West,WESTMORELAND ROAD,0,2,6,2015
4/13/2015,0,0,UU,,,,0,0,10,"Bristol, City of",,E06000023,946814,0,14,2,,W,0,0,357522,,175137,U,West of Redland Road,0,South West,WESTMORELAND ROAD,0,1,11,2015
4/13/2015,0,0,UU,,,,0,0,4,"Bristol, City of",,E06000023,946814,0,15,2,,W,0,0,357522,,175137,U,West of Redland Road,0,South West,WESTMORELAND ROAD,0,1,5,2015
4/13/2015,0,0,UU,,,,0,0,5,"Bristol, City of",,E06000023,946814,0,16,1,,W,0,0,357522,,175137,U,West of Redland Road,0,South West,WESTMORELAND ROAD,0,1,6,2015
4/13/2015,0,0,UU,,,,0,0,19,"Bristol, City of",,E06000023,946814,0,17,2,,W,0,0,357522,,175137,U,West of Redland Road,0,South West,WESTMORELAND ROAD,0,2,21,2015
4/13/2015,0,0,UU,,,,0,0,18,"Bristol, City of",,E06000023,946814,0,18,3,,W,0,0,357522,,175137,U,West of Redland Road,0,South West,WESTMORELAND ROAD,0,1,19,2015
4/14/2015,0,0,CU,,,,2,0,121,"Bristol, City of",,E06000023,946755,0,7,1,,N,0,3,359996,,168081,C,South of Brieryleaze Road,0,South West,BAMFIELD,0,39,165,2015
4/14/2015,0,0,CU,,,,1,0,178,"Bristol, City of",,E06000023,946755,1,8,3,,N,1,3,359996,,168081,C,South of Brieryleaze Road,0,South West,BAMFIELD,0,22,205,2015
4/14/2015,0,0,CU,,,,2,0,174,"Bristol, City of",,E06000023,946755,1,9,0,,N,1,2,359996,,168081,C,South of Brieryleaze Road,0,South West,BAMFIELD,0,13,192,2015
4/14/2015,0,0,CU,,,,0,0,115,"Bristol, City of",,E06000023,946755,2,10,0,,N,0,2,359996,,168081,C,South of Brieryleaze Road,2,South West,BAMFIELD,0,13,132,2015
4/14/2015,0,0,CU,,,,2,0,137,"Bristol, City of",,E06000023,946755,1,11,0,,N,1,2,359996,,168081,C,South of Brieryleaze Road,0,South West,BAMFIELD,0,16,158,2015
4/14/2015,0,0,CU,,,,0,0,129,"Bristol, City of",,E06000023,946755,0,12,1,,N,0,2,359996,,168081,C,South of Brieryleaze Road,0,South West,BAMFIELD,0,14,145,2015
4/14/2015,0,0,CU,,,,2,0,153,"Bristol, City of",,E06000023,946755,1,13,0,,N,1,2,359996,,168081,C,South of Brieryleaze Road,0,South West,BAMFIELD,0,17,175,2015
4/14/2015,0,0,CU,,,,2,0,152,"Bristol, City of",,E06000023,946755,2,14,1,,N,1,2,359996,,168081,C,South of Brieryleaze Road,0,South West,BAMFIELD,1,18,176,2015
4/14/2015,0,0,CU,,,,2,0,193,"Bristol, City of",,E06000023,946755,0,15,1,,N,0,3,359996,,168081,C,South of Brieryleaze Road,0,South West,BAMFIELD,0,22,220,2015
4/14/2015,0,0,CU,,,,1,0,189,"Bristol, City of",,E06000023,946755,0,16,2,,N,0,6,359996,,168081,C,South of Brieryleaze Road,0,South West,BAMFIELD,0,32,228,2015
4/14/2015,0,0,CU,,,,10,0,235,"Bristol, City of",,E06000023,946755,3,17,2,,N,3,2,359996,,168081,C,South of Brieryleaze Road,0,South West,BAMFIELD,0,29,279,2015
4/14/2015,0,0,CU,,,,1,0,188,"Bristol, City of",,E06000023,946755,1,18,3,,N,1,2,359996,,168081,C,South of Brieryleaze Road,0,South West,BAMFIELD,0,26,218,2015
4/14/2015,0,0,CU,,,,2,0,54,"Bristol, City of",,E06000023,946755,0,7,4,,S,0,6,359996,,168081,C,South of Brieryleaze Road,0,South West,BAMFIELD,0,14,76,2015
4/14/2015,0,0,CU,,,,1,0,173,"Bristol, City of",,E06000023,946755,1,8,0,,S,1,3,359996,,168081,C,South of Brieryleaze Road,0,South West,BAMFIELD,0,10,188,2015
4/14/2015,0,0,CU,,,,1,0,140,"Bristol, City of",,E06000023,946755,0,9,1,,S,0,2,359996,,168081,C,South of Brieryleaze Road,0,South West,BAMFIELD,0,13,156,2015
4/14/2015,0,0,CU,,,,0,0,78,"Bristol, City of",,E06000023,946755,1,10,1,,S,1,2,359996,,168081,C,South of Brieryleaze Road,0,South West,BAMFIELD,0,12,93,2015
4/14/2015,0,0,CU,,,,1,0,128,"Bristol, City of",,E06000023,946755,2,11,0,,S,1,2,359996,,168081,C,South of Brieryleaze Road,1,South West,BAMFIELD,0,6,139,2015
4/14/2015,0,0,CU,,,,0,0,111,"Bristol, City of",,E06000023,946755,1,12,1,,S,0,2,359996,,168081,C,South of Brieryleaze Road,1,South West,BAMFIELD,0,16,130,2015
4/14/2015,0,0,CU,,,,2,0,101,"Bristol, City of",,E06000023,946755,2,13,0,,S,2,2,359996,,168081,C,South of Brieryleaze Road,0,South West,BAMFIELD,0,25,132,2015
4/14/2015,0,0,CU,,,,3,0,128,"Bristol, City of",,E06000023,946755,2,14,1,,S,1,2,359996,,168081,C,South of Brieryleaze Road,0,South West,BAMFIELD,1,21,156,2015
4/14/2015,0,0,CU,,,,2,1,165,"Bristol, City of",,E06000023,946755,1,15,0,,S,0,3,359996,,168081,C,South of Brieryleaze Road,0,South West,BAMFIELD,0,23,194,2015
4/14/2015,0,0,CU,,,,3,0,169,"Bristol, City of",,E06000023,946755,2,16,0,,S,1,4,359996,,168081,C,South of Brieryleaze Road,0,South West,BAMFIELD,1,32,210,2015
4/14/2015,0,0,CU,,,,2,0,179,"Bristol, City of",,E06000023,946755,1,17,3,,S,0,3,359996,,168081,C,South of Brieryleaze Road,0,South West,BAMFIELD,1,29,214,2015
4/14/2015,0,0,CU,,,,1,0,167,"Bristol, City of",,E06000023,946755,2,18,4,,S,2,2,359996,,168081,C,South of Brieryleaze Road,0,South West,BAMFIELD,0,18,190,2015
4/28/2015,0,0,CR,,,,0,0,35,North Somerset,,E06000024,947256,0,7,1,,E,0,0,349597,,167939,C,West of Backwell Hill Road,0,South West,Cheston Combe,0,8,43,2015
4/28/2015,0,0,CR,,,,0,0,36,North Somerset,,E06000024,947256,0,8,0,,E,0,0,349597,,167939,C,West of Backwell Hill Road,0,South West,Cheston Combe,0,3,39,2015
4/28/2015,0,1,CR,,,,0,0,22,North Somerset,,E06000024,947256,2,9,0,,E,1,0,349597,,167939,C,West of Backwell Hill Road,0,South West,Cheston Combe,0,5,29,2015
4/28/2015,0,0,CR,,,,0,0,26,North Somerset,,E06000024,947256,0,10,0,,E,0,0,349597,,167939,C,West of Backwell Hill Road,0,South West,Cheston Combe,0,3,29,2015
4/28/2015,0,0,CR,,,,1,0,26,North Somerset,,E06000024,947256,1,11,0,,E,1,0,349597,,167939,C,West of Backwell Hill Road,0,South West,Cheston Combe,0,3,31,2015
4/28/2015,0,0,CR,,,,0,0,25,North Somerset,,E06000024,947256,0,12,0,,E,0,0,349597,,167939,C,West of Backwell Hill Road,0,South West,Cheston Combe,0,4,29,2015
4/28/2015,0,0,CR,,,,0,0,33,North Somerset,,E06000024,947256,0,13,1,,E,0,0,349597,,167939,C,West of Backwell Hill Road,0,South West,Cheston Combe,0,1,34,2015
4/28/2015,0,0,CR,,,,0,0,24,North Somerset,,E06000024,947256,0,14,0,,E,0,0,349597,,167939,C,West of Backwell Hill Road,0,South West,Cheston Combe,0,3,27,2015
4/28/2015,0,0,CR,,,,0,0,21,North Somerset,,E06000024,947256,0,15,1,,E,0,0,349597,,167939,C,West of Backwell Hill Road,0,South West,Cheston Combe,0,5,26,2015
4/28/2015,0,0,CR,,,,0,0,31,North Somerset,,E06000024,947256,0,16,0,,E,0,0,349597,,167939,C,West of Backwell Hill Road,0,South West,Cheston Combe,0,8,39,2015
4/28/2015,0,0,CR,,,,1,0,53,North Somerset,,E06000024,947256,0,17,2,,E,0,0,349597,,167939,C,West of Backwell Hill Road,0,South West,Cheston Combe,0,5,59,2015
4/28/2015,0,0,CR,,,,0,0,26,North Somerset,,E06000024,947256,0,18,1,,E,0,0,349597,,167939,C,West of Backwell Hill Road,0,South West,Cheston Combe,0,4,30,2015
4/28/2015,0,0,CR,,,,0,0,41,North Somerset,,E06000024,947256,0,7,0,,W,0,0,349597,,167939,C,West of Backwell Hill Road,0,South West,Cheston Combe,0,6,47,2015
4/28/2015,0,1,CR,,,,0,0,86,North Somerset,,E06000024,947256,2,8,0,,W,1,0,349597,,167939,C,West of Backwell Hill Road,0,South West,Cheston Combe,0,11,99,2015
4/28/2015,0,0,CR,,,,0,0,30,North Somerset,,E06000024,947256,0,9,0,,W,0,0,349597,,167939,C,West of Backwell Hill Road,0,South West,Cheston Combe,0,4,34,2015
4/28/2015,0,0,CR,,,,0,0,26,North Somerset,,E06000024,947256,0,10,0,,W,0,0,349597,,167939,C,West of Backwell Hill Road,0,South West,Cheston Combe,0,5,31,2015
4/28/2015,0,0,CR,,,,0,0,29,North Somerset,,E06000024,947256,0,11,0,,W,0,0,349597,,167939,C,West of Backwell Hill Road,0,South West,Cheston Combe,0,3,32,2015
4/28/2015,0,0,CR,,,,0,0,30,North Somerset,,E06000024,947256,0,12,0,,W,0,0,349597,,167939,C,West of Backwell Hill Road,0,South West,Cheston Combe,0,4,34,2015
4/28/2015,0,0,CR,,,,0,0,27,North Somerset,,E06000024,947256,0,13,0,,W,0,0,349597,,167939,C,West of Backwell Hill Road,0,South West,Cheston Combe,0,3,30,2015
4/28/2015,0,0,CR,,,,0,0,37,North Somerset,,E06000024,947256,0,14,2,,W,0,0,349597,,167939,C,West of Backwell Hill Road,0,South West,Cheston Combe,0,3,40,2015
4/28/2015,0,0,CR,,,,0,0,30,North Somerset,,E06000024,947256,0,15,0,,W,0,1,349597,,167939,C,West of Backwell Hill Road,0,South West,Cheston Combe,0,6,37,2015
4/28/2015,0,0,CR,,,,0,0,37,North Somerset,,E06000024,947256,0,16,1,,W,0,0,349597,,167939,C,West of Backwell Hill Road,0,South West,Cheston Combe,0,9,46,2015
4/28/2015,0,0,CR,,,,1,0,70,North Somerset,,E06000024,947256,0,17,1,,W,0,0,349597,,167939,C,West of Backwell Hill Road,0,South West,Cheston Combe,0,8,79,2015
4/28/2015,0,0,CR,,,,1,0,43,North Somerset,,E06000024,947256,0,18,1,,W,0,0,349597,,167939,C,West of Backwell Hill Road,0,South West,Cheston Combe,0,8,52,2015
4/28/2015,0,0,UU,,,,0,0,8,North Somerset,,E06000024,947269,0,7,2,,E,0,0,347231,,162651,U,Wrington,0,South West,RICKYARD ROAD,0,0,8,2015
4/28/2015,0,0,UU,,,,0,0,24,North Somerset,,E06000024,947269,1,8,0,,E,1,0,347231,,162651,U,Wrington,0,South West,RICKYARD ROAD,0,1,26,2015
4/28/2015,0,0,UU,,,,0,0,12,North Somerset,,E06000024,947269,0,9,0,,E,0,0,347231,,162651,U,Wrington,0,South West,RICKYARD ROAD,0,2,14,2015
4/28/2015,0,0,UU,,,,0,0,13,North Somerset,,E06000024,947269,0,10,0,,E,0,0,347231,,162651,U,Wrington,0,South West,RICKYARD ROAD,0,3,16,2015
4/28/2015,0,0,UU,,,,0,0,9,North Somerset,,E06000024,947269,0,11,0,,E,0,0,347231,,162651,U,Wrington,0,South West,RICKYARD ROAD,0,2,11,2015
4/28/2015,0,0,UU,,,,0,0,12,North Somerset,,E06000024,947269,0,12,0,,E,0,0,347231,,162651,U,Wrington,0,South West,RICKYARD ROAD,0,1,13,2015
4/28/2015,0,0,UU,,,,0,0,14,North Somerset,,E06000024,947269,0,13,0,,E,0,0,347231,,162651,U,Wrington,0,South West,RICKYARD ROAD,0,1,15,2015
4/28/2015,0,0,UU,,,,0,0,23,North Somerset,,E06000024,947269,0,14,0,,E,0,0,347231,,162651,U,Wrington,0,South West,RICKYARD ROAD,0,7,30,2015
4/28/2015,0,0,UU,,,,0,0,21,North Somerset,,E06000024,947269,0,15,0,,E,0,0,347231,,162651,U,Wrington,0,South West,RICKYARD ROAD,0,2,23,2015
4/28/2015,0,0,UU,,,,0,0,14,North Somerset,,E06000024,947269,0,16,1,,E,0,0,347231,,162651,U,Wrington,0,South West,RICKYARD ROAD,0,10,24,2015
4/28/2015,0,0,UU,,,,0,0,28,North Somerset,,E06000024,947269,0,17,0,,E,0,0,347231,,162651,U,Wrington,0,South West,RICKYARD ROAD,0,3,31,2015
4/28/2015,0,0,UU,,,,0,0,14,North Somerset,,E06000024,947269,0,18,1,,E,0,0,347231,,162651,U,Wrington,0,South West,RICKYARD ROAD,0,2,16,2015
4/28/2015,0,0,UU,,,,0,0,14,North Somerset,,E06000024,947269,0,7,0,,W,0,0,347231,,162651,U,Wrington,0,South West,RICKYARD ROAD,0,4,18,2015
4/28/2015,0,0,UU,,,,0,0,28,North Somerset,,E06000024,947269,0,8,1,,W,0,0,347231,,162651,U,Wrington,0,South West,RICKYARD ROAD,0,2,30,2015
4/28/2015,0,0,UU,,,,0,0,25,North Somerset,,E06000024,947269,0,9,0,,W,0,0,347231,,162651,U,Wrington,0,South West,RICKYARD ROAD,0,6,31,2015
4/28/2015,0,0,UU,,,,0,0,13,North Somerset,,E06000024,947269,0,10,0,,W,0,0,347231,,162651,U,Wrington,0,South West,RICKYARD ROAD,0,4,17,2015
4/28/2015,0,0,UU,,,,0,0,14,North Somerset,,E06000024,947269,0,11,0,,W,0,0,347231,,162651,U,Wrington,0,South West,RICKYARD ROAD,0,4,18,2015
4/28/2015,0,0,UU,,,,0,0,13,North Somerset,,E06000024,947269,1,12,1,,W,1,0,347231,,162651,U,Wrington,0,South West,RICKYARD ROAD,0,3,17,2015
4/28/2015,0,0,UU,,,,0,0,17,North Somerset,,E06000024,947269,0,13,1,,W,0,0,347231,,162651,U,Wrington,0,South West,RICKYARD ROAD,0,3,20,2015
4/28/2015,0,0,UU,,,,1,0,16,North Somerset,,E06000024,947269,0,14,0,,W,0,0,347231,,162651,U,Wrington,0,South West,RICKYARD ROAD,0,3,20,2015
4/28/2015,0,0,UU,,,,0,0,28,North Somerset,,E06000024,947269,1,15,0,,W,1,0,347231,,162651,U,Wrington,0,South West,RICKYARD ROAD,0,5,34,2015
4/28/2015,0,0,UU,,,,0,0,17,North Somerset,,E06000024,947269,0,16,0,,W,0,0,347231,,162651,U,Wrington,0,South West,RICKYARD ROAD,0,4,21,2015
4/28/2015,0,0,UU,,,,0,0,24,North Somerset,,E06000024,947269,0,17,0,,W,0,0,347231,,162651,U,Wrington,0,South West,RICKYARD ROAD,0,4,28,2015
4/28/2015,0,0,UU,,,,0,0,19,North Somerset,,E06000024,947269,0,18,1,,W,0,0,347231,,162651,U,Wrington,0,South West,RICKYARD ROAD,0,0,19,2015
4/29/2015,0,0,UU,,,,0,0,1,North Somerset,,E06000024,947274,0,7,2,,E,0,0,336428,,163167,U,"East of Becket Road, W-s-M",0,South West,CABOT WAY,0,4,5,2015
4/29/2015,0,0,UU,,,,0,0,26,North Somerset,,E06000024,947274,0,8,5,,E,0,0,336428,,163167,U,"East of Becket Road, W-s-M",0,South West,CABOT WAY,0,1,27,2015
4/29/2015,0,0,UU,,,,0,0,8,North Somerset,,E06000024,947274,0,9,0,,E,0,0,336428,,163167,U,"East of Becket Road, W-s-M",0,South West,CABOT WAY,0,0,8,2015
4/29/2015,0,0,UU,,,,0,0,11,North Somerset,,E06000024,947274,0,10,0,,E,0,0,336428,,163167,U,"East of Becket Road, W-s-M",0,South West,CABOT WAY,0,0,11,2015
4/29/2015,0,0,UU,,,,1,0,13,North Somerset,,E06000024,947274,1,11,0,,E,1,0,336428,,163167,U,"East of Becket Road, W-s-M",0,South West,CABOT WAY,0,0,15,2015
4/29/2015,0,0,UU,,,,0,0,14,North Somerset,,E06000024,947274,0,12,0,,E,0,0,336428,,163167,U,"East of Becket Road, W-s-M",0,South West,CABOT WAY,0,3,17,2015
4/29/2015,0,0,UU,,,,0,0,13,North Somerset,,E06000024,947274,0,13,0,,E,0,0,336428,,163167,U,"East of Becket Road, W-s-M",0,South West,CABOT WAY,0,2,15,2015
4/29/2015,0,0,UU,,,,0,0,14,North Somerset,,E06000024,947274,0,14,2,,E,0,0,336428,,163167,U,"East of Becket Road, W-s-M",0,South West,CABOT WAY,0,5,19,2015
4/29/2015,0,0,UU,,,,0,0,12,North Somerset,,E06000024,947274,0,15,0,,E,0,0,336428,,163167,U,"East of Becket Road, W-s-M",0,South West,CABOT WAY,0,1,13,2015
4/29/2015,0,0,UU,,,,2,0,14,North Somerset,,E06000024,947274,0,16,2,,E,0,0,336428,,163167,U,"East of Becket Road, W-s-M",0,South West,CABOT WAY,0,5,21,2015
4/29/2015,0,0,UU,,,,0,0,13,North Somerset,,E06000024,947274,0,17,5,,E,0,0,336428,,163167,U,"East of Becket Road, W-s-M",0,South West,CABOT WAY,0,3,16,2015
4/29/2015,0,0,UU,,,,1,0,11,North Somerset,,E06000024,947274,0,18,2,,E,0,0,336428,,163167,U,"East of Becket Road, W-s-M",0,South West,CABOT WAY,0,1,13,2015
4/29/2015,0,0,UU,,,,0,0,6,North Somerset,,E06000024,947274,0,7,2,,W,0,0,336428,,163167,U,"East of Becket Road, W-s-M",0,South West,CABOT WAY,0,8,14,2015
4/29/2015,0,0,UU,,,,1,0,36,North Somerset,,E06000024,947274,0,8,0,,W,0,0,336428,,163167,U,"East of Becket Road, W-s-M",0,South West,CABOT WAY,0,2,39,2015
4/29/2015,0,0,UU,,,,0,0,15,North Somerset,,E06000024,947274,0,9,0,,W,0,0,336428,,163167,U,"East of Becket Road, W-s-M",0,South West,CABOT WAY,0,0,15,2015
4/29/2015,0,0,UU,,,,0,0,11,North Somerset,,E06000024,947274,0,10,1,,W,0,0,336428,,163167,U,"East of Becket Road, W-s-M",0,South West,CABOT WAY,0,0,11,2015
4/29/2015,0,0,UU,,,,2,0,12,North Somerset,,E06000024,947274,1,11,0,,W,1,0,336428,,163167,U,"East of Becket Road, W-s-M",0,South West,CABOT WAY,0,0,15,2015
4/29/2015,0,0,UU,,,,0,0,18,North Somerset,,E06000024,947274,0,12,0,,W,0,0,336428,,163167,U,"East of Becket Road, W-s-M",0,South West,CABOT WAY,0,1,19,2015
4/29/2015,0,0,UU,,,,0,0,11,North Somerset,,E06000024,947274,0,13,0,,W,0,0,336428,,163167,U,"East of Becket Road, W-s-M",0,South West,CABOT WAY,0,2,13,2015
4/29/2015,0,0,UU,,,,0,0,8,North Somerset,,E06000024,947274,0,14,1,,W,0,0,336428,,163167,U,"East of Becket Road, W-s-M",0,South West,CABOT WAY,0,5,13,2015
4/29/2015,0,0,UU,,,,1,0,18,North Somerset,,E06000024,947274,0,15,2,,W,0,0,336428,,163167,U,"East of Becket Road, W-s-M",0,South West,CABOT WAY,0,1,20,2015
4/29/2015,0,0,UU,,,,0,0,9,North Somerset,,E06000024,947274,0,16,2,,W,0,0,336428,,163167,U,"East of Becket Road, W-s-M",0,South West,CABOT WAY,0,4,13,2015
4/29/2015,0,0,UU,,,,0,0,14,North Somerset,,E06000024,947274,0,17,2,,W,0,0,336428,,163167,U,"East of Becket Road, W-s-M",0,South West,CABOT WAY,0,1,15,2015
4/29/2015,0,0,UU,,,,2,0,9,North Somerset,,E06000024,947274,0,18,0,,W,0,0,336428,,163167,U,"East of Becket Road, W-s-M",0,South West,CABOT WAY,0,4,15,2015
4/29/2015,0,0,UU,,,,0,0,34,South Gloucestershire,,E06000025,947536,0,7,0,,E,0,0,371394,,182249,U,,0,South West,STANSHAWE CRESCENT,0,9,43,2015
4/29/2015,0,0,UU,,,,0,0,55,South Gloucestershire,,E06000025,947536,0,8,0,,E,0,0,371394,,182249,U,,0,South West,STANSHAWE CRESCENT,0,8,63,2015
4/29/2015,0,0,UU,,,,0,0,22,South Gloucestershire,,E06000025,947536,0,9,0,,E,0,0,371394,,182249,U,,0,South West,STANSHAWE CRESCENT,0,3,25,2015
4/29/2015,0,0,UU,,,,0,0,20,South Gloucestershire,,E06000025,947536,0,10,0,,E,0,0,371394,,182249,U,,0,South West,STANSHAWE CRESCENT,0,3,23,2015
4/29/2015,0,0,UU,,,,0,0,32,South Gloucestershire,,E06000025,947536,0,11,0,,E,0,0,371394,,182249,U,,0,South West,STANSHAWE CRESCENT,0,3,35,2015
4/29/2015,0,0,UU,,,,1,0,30,South Gloucestershire,,E06000025,947536,0,12,0,,E,0,0,371394,,182249,U,,0,South West,STANSHAWE CRESCENT,0,3,34,2015
4/29/2015,0,0,UU,,,,0,0,32,South Gloucestershire,,E06000025,947536,0,13,0,,E,0,0,371394,,182249,U,,0,South West,STANSHAWE CRESCENT,0,6,38,2015
4/29/2015,0,0,UU,,,,0,0,23,South Gloucestershire,,E06000025,947536,0,14,0,,E,0,0,371394,,182249,U,,0,South West,STANSHAWE CRESCENT,0,4,27,2015
4/29/2015,0,0,UU,,,,1,0,39,South Gloucestershire,,E06000025,947536,0,15,0,,E,0,0,371394,,182249,U,,0,South West,STANSHAWE CRESCENT,0,2,42,2015
4/29/2015,0,0,UU,,,,0,0,34,South Gloucestershire,,E06000025,947536,0,16,0,,E,0,0,371394,,182249,U,,0,South West,STANSHAWE CRESCENT,0,4,38,2015
4/29/2015,0,0,UU,,,,0,0,36,South Gloucestershire,,E06000025,947536,0,17,0,,E,0,0,371394,,182249,U,,0,South West,STANSHAWE CRESCENT,0,1,37,2015
4/29/2015,0,0,UU,,,,0,0,44,South Gloucestershire,,E06000025,947536,0,18,0,,E,0,0,371394,,182249,U,,0,South West,STANSHAWE CRESCENT,0,4,48,2015
4/29/2015,0,0,UU,,,,0,0,10,South Gloucestershire,,E06000025,947536,0,7,0,,W,0,0,371394,,182249,U,,0,South West,STANSHAWE CRESCENT,0,1,11,2015
4/29/2015,0,0,UU,,,,0,0,22,South Gloucestershire,,E06000025,947536,1,8,0,,W,1,0,371394,,182249,U,,0,South West,STANSHAWE CRESCENT,0,4,27,2015
4/29/2015,0,0,UU,,,,0,0,34,South Gloucestershire,,E06000025,947536,0,9,0,,W,0,0,371394,,182249,U,,0,South West,STANSHAWE CRESCENT,0,5,39,2015
4/29/2015,0,0,UU,,,,0,0,15,South Gloucestershire,,E06000025,947536,0,10,0,,W,0,0,371394,,182249,U,,0,South West,STANSHAWE CRESCENT,0,2,17,2015
4/29/2015,0,0,UU,,,,0,0,23,South Gloucestershire,,E06000025,947536,0,11,0,,W,0,0,371394,,182249,U,,0,South West,STANSHAWE CRESCENT,0,3,26,2015
4/29/2015,0,0,UU,,,,0,0,24,South Gloucestershire,,E06000025,947536,0,12,0,,W,0,0,371394,,182249,U,,0,South West,STANSHAWE CRESCENT,0,4,28,2015
4/29/2015,0,0,UU,,,,0,0,28,South Gloucestershire,,E06000025,947536,0,13,0,,W,0,0,371394,,182249,U,,0,South West,STANSHAWE CRESCENT,0,8,36,2015
4/29/2015,0,0,UU,,,,0,0,32,South Gloucestershire,,E06000025,947536,0,14,0,,W,0,0,371394,,182249,U,,0,South West,STANSHAWE CRESCENT,0,5,37,2015
4/29/2015,0,0,UU,,,,1,0,29,South Gloucestershire,,E06000025,947536,0,15,0,,W,0,0,371394,,182249,U,,0,South West,STANSHAWE CRESCENT,0,4,34,2015
4/29/2015,0,0,UU,,,,1,0,40,South Gloucestershire,,E06000025,947536,0,16,0,,W,0,0,371394,,182249,U,,0,South West,STANSHAWE CRESCENT,0,8,49,2015
4/29/2015,0,0,UU,,,,0,0,48,South Gloucestershire,,E06000025,947536,0,17,0,,W,0,0,371394,,182249,U,,0,South West,STANSHAWE CRESCENT,0,2,50,2015
4/29/2015,0,0,UU,,,,1,0,55,South Gloucestershire,,E06000025,947536,0,18,0,,W,0,0,371394,,182249,U,,0,South West,STANSHAWE CRESCENT,0,3,59,2015
4/16/2015,8,3,PU,169989,362185,360895,20,2,385,"Bristol, City of",170455,E06000023,27877,27,7,17,A4,E,11,5,361000,A37,170060,A4174,,0,South West,,3,113,550,2015
4/16/2015,4,2,PU,169989,362185,360895,16,6,444,"Bristol, City of",170455,E06000023,27877,31,8,15,A4,E,14,6,361000,A37,170060,A4174,,3,South West,,2,100,597,2015
4/16/2015,4,0,PU,169989,362185,360895,10,5,475,"Bristol, City of",170455,E06000023,27877,58,9,2,A4,E,40,7,361000,A37,170060,A4174,,6,South West,,3,82,632,2015
4/16/2015,1,5,PU,169989,362185,360895,8,0,526,"Bristol, City of",170455,E06000023,27877,35,10,2,A4,E,22,4,361000,A37,170060,A4174,,3,South West,,4,105,678,2015
4/16/2015,5,3,PU,169989,362185,360895,6,0,472,"Bristol, City of",170455,E06000023,27877,34,11,0,A4,E,17,2,361000,A37,170060,A4174,,4,South West,,5,99,613,2015
4/16/2015,7,2,PU,169989,362185,360895,5,2,503,"Bristol, City of",170455,E06000023,27877,38,12,2,A4,E,24,3,361000,A37,170060,A4174,,1,South West,,2,103,652,2015
4/16/2015,3,4,PU,169989,362185,360895,8,2,472,"Bristol, City of",170455,E06000023,27877,32,13,6,A4,E,17,3,361000,A37,170060,A4174,,1,South West,,5,100,615,2015
4/16/2015,5,1,PU,169989,362185,360895,2,2,547,"Bristol, City of",170455,E06000023,27877,36,14,2,A4,E,22,8,361000,A37,170060,A4174,,3,South West,,3,76,669,2015
4/16/2015,7,0,PU,169989,362185,360895,6,3,472,"Bristol, City of",170455,E06000023,27877,25,15,3,A4,E,13,4,361000,A37,170060,A4174,,1,South West,,1,69,576,2015
4/16/2015,1,2,PU,169989,362185,360895,18,1,523,"Bristol, City of",170455,E06000023,27877,26,16,8,A4,E,20,7,361000,A37,170060,A4174,,0,South West,,2,76,650,2015
4/16/2015,3,0,PU,169989,362185,360895,18,0,598,"Bristol, City of",170455,E06000023,27877,18,17,4,A4,E,9,2,361000,A37,170060,A4174,,2,South West,,4,67,703,2015
4/16/2015,1,0,PU,169989,362185,360895,7,0,607,"Bristol, City of",170455,E06000023,27877,14,18,6,A4,E,11,5,361000,A37,170060,A4174,,1,South West,,1,69,702,2015
4/16/2015,2,0,PU,169989,362185,360895,15,1,419,"Bristol, City of",170455,E06000023,27877,22,7,8,A4,W,13,6,361000,A37,170060,A4174,,4,South West,,2,116,578,2015
4/16/2015,4,5,PU,169989,362185,360895,7,1,428,"Bristol, City of",170455,E06000023,27877,23,8,3,A4,W,13,6,361000,A37,170060,A4174,,0,South West,,0,88,552,2015
4/16/2015,5,0,PU,169989,362185,360895,6,7,454,"Bristol, City of",170455,E06000023,27877,31,9,6,A4,W,10,4,361000,A37,170060,A4174,,4,South West,,5,80,575,2015
4/16/2015,3,0,PU,169989,362185,360895,4,2,444,"Bristol, City of",170455,E06000023,27877,27,10,3,A4,W,15,5,361000,A37,170060,A4174,,2,South West,,5,72,552,2015
4/16/2015,3,2,PU,169989,362185,360895,2,1,364,"Bristol, City of",170455,E06000023,27877,37,11,0,A4,W,16,2,361000,A37,170060,A4174,,14,South West,,1,46,451,2015
4/16/2015,0,0,PU,169989,362185,360895,3,2,448,"Bristol, City of",170455,E06000023,27877,30,12,2,A4,W,25,4,361000,A37,170060,A4174,,2,South West,,1,57,542,2015
4/16/2015,4,2,PU,169989,362185,360895,9,0,488,"Bristol, City of",170455,E06000023,27877,32,13,2,A4,W,16,3,361000,A37,170060,A4174,,3,South West,,7,105,637,2015
4/16/2015,4,2,PU,169989,362185,360895,8,0,567,"Bristol, City of",170455,E06000023,27877,29,14,2,A4,W,19,6,361000,A37,170060,A4174,,1,South West,,3,103,713,2015
4/16/2015,5,1,PU,169989,362185,360895,13,1,582,"Bristol, City of",170455,E06000023,27877,28,15,14,A4,W,13,3,361000,A37,170060,A4174,,5,South West,,3,99,725,2015
4/16/2015,2,1,PU,169989,362185,360895,14,0,533,"Bristol, City of",170455,E06000023,27877,18,16,17,A4,W,11,1,361000,A37,170060,A4174,,1,South West,,3,117,683,2015
4/16/2015,1,0,PU,169989,362185,360895,13,1,605,"Bristol, City of",170455,E06000023,27877,12,17,9,A4,W,10,2,361000,A37,170060,A4174,,0,South West,,0,57,689,2015
4/16/2015,2,1,PU,169989,362185,360895,7,0,516,"Bristol, City of",170455,E06000023,27877,13,18,8,A4,W,7,4,361000,A37,170060,A4174,,2,South West,,1,59,599,2015
4/16/2015,2,1,PR,162596,343792,337878,29,5,590,North Somerset,164091,E06000024,37054,25,7,8,B3133,E,12,9,340000,M5 j21,164370,A370,,4,South West,,1,149,802,2015
4/16/2015,1,1,PR,162596,343792,337878,14,7,507,North Somerset,164091,E06000024,37054,24,8,1,B3133,E,8,5,340000,M5 j21,164370,A370,,3,South West,,4,117,667,2015
4/16/2015,5,0,PR,162596,343792,337878,3,4,429,North Somerset,164091,E06000024,37054,27,9,0,B3133,E,14,5,340000,M5 j21,164370,A370,,1,South West,,3,77,541,2015
4/16/2015,2,1,PR,162596,343792,337878,4,6,366,North Somerset,164091,E06000024,37054,23,10,3,B3133,E,9,5,340000,M5 j21,164370,A370,,2,South West,,3,63,461,2015
4/16/2015,3,0,PR,162596,343792,337878,4,6,406,North Somerset,164091,E06000024,37054,33,11,0,B3133,E,15,3,340000,M5 j21,164370,A370,,4,South West,,5,63,509,2015
4/16/2015,3,2,PR,162596,343792,337878,3,5,418,North Somerset,164091,E06000024,37054,28,12,2,B3133,E,14,4,340000,M5 j21,164370,A370,,2,South West,,2,67,520,2015
4/16/2015,0,1,PR,162596,343792,337878,7,6,421,North Somerset,164091,E06000024,37054,17,13,2,B3133,E,6,5,340000,M5 j21,164370,A370,,1,South West,,3,81,531,2015
4/16/2015,3,2,PR,162596,343792,337878,4,3,458,North Somerset,164091,E06000024,37054,24,14,0,B3133,E,7,7,340000,M5 j21,164370,A370,,5,South West,,4,74,567,2015
4/16/2015,3,1,PR,162596,343792,337878,13,3,448,North Somerset,164091,E06000024,37054,19,15,0,B3133,E,9,6,340000,M5 j21,164370,A370,,2,South West,,1,80,566,2015
4/16/2015,1,4,PR,162596,343792,337878,8,1,524,North Somerset,164091,E06000024,37054,21,16,4,B3133,E,9,4,340000,M5 j21,164370,A370,,4,South West,,2,109,666,2015
4/16/2015,0,3,PR,162596,343792,337878,4,0,529,North Somerset,164091,E06000024,37054,7,17,9,B3133,E,1,5,340000,M5 j21,164370,A370,,2,South West,,1,64,609,2015
4/16/2015,0,2,PR,162596,343792,337878,7,0,414,North Somerset,164091,E06000024,37054,7,18,1,B3133,E,0,3,340000,M5 j21,164370,A370,,2,South West,,3,37,468,2015
4/16/2015,4,0,PR,162596,343792,337878,3,10,354,North Somerset,164091,E06000024,37054,29,7,1,B3133,W,8,2,340000,M5 j21,164370,A370,,5,South West,,2,84,472,2015
4/16/2015,3,2,PR,162596,343792,337878,8,6,564,North Somerset,164091,E06000024,37054,38,8,0,B3133,W,20,12,340000,M5 j21,164370,A370,,3,South West,,4,87,709,2015
4/16/2015,3,5,PR,162596,343792,337878,2,6,488,North Somerset,164091,E06000024,37054,20,9,1,B3133,W,0,9,340000,M5 j21,164370,A370,,3,South West,,3,94,613,2015
4/16/2015,2,1,PR,162596,343792,337878,3,4,399,North Somerset,164091,E06000024,37054,29,10,5,B3133,W,11,2,340000,M5 j21,164370,A370,,6,South West,,5,74,507,2015
4/16/2015,3,0,PR,162596,343792,337878,8,4,483,North Somerset,164091,E06000024,37054,27,11,1,B3133,W,11,4,340000,M5 j21,164370,A370,,5,South West,,4,85,607,2015
4/16/2015,2,1,PR,162596,343792,337878,4,5,462,North Somerset,164091,E06000024,37054,26,12,0,B3133,W,16,5,340000,M5 j21,164370,A370,,0,South West,,2,66,563,2015
4/16/2015,15,1,PR,162596,343792,337878,8,4,429,North Somerset,164091,E06000024,37054,27,13,0,B3133,W,2,4,340000,M5 j21,164370,A370,,4,South West,,1,75,543,2015
4/16/2015,4,1,PR,162596,343792,337878,9,8,525,North Somerset,164091,E06000024,37054,24,14,1,B3133,W,4,5,340000,M5 j21,164370,A370,,4,South West,,3,96,659,2015
4/16/2015,2,1,PR,162596,343792,337878,9,6,517,North Somerset,164091,E06000024,37054,29,15,4,B3133,W,13,5,340000,M5 j21,164370,A370,,3,South West,,4,111,671,2015
4/16/2015,0,0,PR,162596,343792,337878,18,1,569,North Somerset,164091,E06000024,37054,13,16,3,B3133,W,10,10,340000,M5 j21,164370,A370,,0,South West,,2,89,699,2015
4/16/2015,2,0,PR,162596,343792,337878,23,0,591,North Somerset,164091,E06000024,37054,10,17,7,B3133,W,4,5,340000,M5 j21,164370,A370,,1,South West,,3,102,731,2015
4/16/2015,0,0,PR,162596,343792,337878,13,0,645,North Somerset,164091,E06000024,37054,7,18,6,B3133,W,6,5,340000,M5 j21,164370,A370,,1,South West,,0,64,734,2015
4/16/2015,1,3,BU,,,,3,3,244,North Somerset,,E06000024,947248,13,7,6,,E,5,6,342284,,166588,B3133,"East of Arnolds Way, Yatton",1,South West,NORTH END,0,49,315,2015
4/16/2015,2,1,BU,,,,2,0,325,North Somerset,,E06000024,947248,14,8,1,,E,9,8,342284,,166588,B3133,"East of Arnolds Way, Yatton",0,South West,NORTH END,2,63,412,2015
4/16/2015,3,4,BU,,,,3,2,230,North Somerset,,E06000024,947248,17,9,4,,E,5,3,342284,,166588,B3133,"East of Arnolds Way, Yatton",1,South West,NORTH END,2,50,303,2015
4/16/2015,4,3,BU,,,,3,1,232,North Somerset,,E06000024,947248,13,10,4,,E,2,2,342284,,166588,B3133,"East of Arnolds Way, Yatton",1,South West,NORTH END,2,35,285,2015
4/16/2015,2,2,BU,,,,2,1,246,North Somerset,,E06000024,947248,12,11,2,,E,4,3,342284,,166588,B3133,"East of Arnolds Way, Yatton",0,South West,NORTH END,3,55,318,2015
4/16/2015,1,2,BU,,,,5,0,260,North Somerset,,E06000024,947248,11,12,3,,E,6,3,342284,,166588,B3133,"East of Arnolds Way, Yatton",2,South West,NORTH END,0,38,317,2015
4/16/2015,0,5,BU,,,,6,3,310,North Somerset,,E06000024,947248,15,13,1,,E,4,2,342284,,166588,B3133,"East of Arnolds Way, Yatton",2,South West,NORTH END,1,40,373,2015
4/16/2015,0,2,BU,,,,2,4,301,North Somerset,,E06000024,947248,15,14,2,,E,3,2,342284,,166588,B3133,"East of Arnolds Way, Yatton",2,South West,NORTH END,4,52,372,2015
4/16/2015,2,4,BU,,,,5,0,390,North Somerset,,E06000024,947248,17,15,9,,E,6,2,342284,,166588,B3133,"East of Arnolds Way, Yatton",2,South West,NORTH END,3,54,468,2015
4/16/2015,0,1,BU,,,,6,0,419,North Somerset,,E06000024,947248,3,16,6,,E,1,3,342284,,166588,B3133,"East of Arnolds Way, Yatton",0,South West,NORTH END,1,60,491,2015
4/16/2015,1,0,BU,,,,4,0,492,North Somerset,,E06000024,947248,3,17,8,,E,0,1,342284,,166588,B3133,"East of Arnolds Way, Yatton",0,South West,NORTH END,2,57,557,2015
4/16/2015,0,0,BU,,,,9,0,341,North Somerset,,E06000024,947248,2,18,14,,E,2,3,342284,,166588,B3133,"East of Arnolds Way, Yatton",0,South West,NORTH END,0,33,388,2015
4/16/2015,0,0,BU,,,,10,0,302,North Somerset,,E06000024,947248,13,7,2,,W,4,5,342284,,166588,B3133,"East of Arnolds Way, Yatton",8,South West,NORTH END,1,51,381,2015
4/16/2015,0,0,BU,,,,7,3,400,North Somerset,,E06000024,947248,10,8,0,,W,3,2,342284,,166588,B3133,"East of Arnolds Way, Yatton",3,South West,NORTH END,1,54,473,2015
4/16/2015,3,3,BU,,,,2,0,315,North Somerset,,E06000024,947248,17,9,5,,W,7,2,342284,,166588,B3133,"East of Arnolds Way, Yatton",3,South West,NORTH END,1,44,380,2015
4/16/2015,2,1,BU,,,,2,1,287,North Somerset,,E06000024,947248,9,10,5,,W,1,4,342284,,166588,B3133,"East of Arnolds Way, Yatton",4,South West,NORTH END,0,46,348,2015
4/16/2015,3,0,BU,,,,2,0,250,North Somerset,,E06000024,947248,17,11,3,,W,12,2,342284,,166588,B3133,"East of Arnolds Way, Yatton",2,South West,NORTH END,0,32,303,2015
4/16/2015,0,0,BU,,,,2,1,289,North Somerset,,E06000024,947248,14,12,4,,W,8,3,342284,,166588,B3133,"East of Arnolds Way, Yatton",4,South West,NORTH END,1,30,338,2015
4/16/2015,0,3,BU,,,,3,2,275,North Somerset,,E06000024,947248,12,13,4,,W,2,2,342284,,166588,B3133,"East of Arnolds Way, Yatton",5,South West,NORTH END,0,38,330,2015
4/16/2015,0,3,BU,,,,2,1,242,North Somerset,,E06000024,947248,18,14,4,,W,6,2,342284,,166588,B3133,"East of Arnolds Way, Yatton",8,South West,NORTH END,0,75,339,2015
4/16/2015,0,1,BU,,,,4,0,315,North Somerset,,E06000024,947248,11,15,1,,W,3,3,342284,,166588,B3133,"East of Arnolds Way, Yatton",5,South West,NORTH END,2,48,381,2015
4/16/2015,0,0,BU,,,,6,1,362,North Somerset,,E06000024,947248,1,16,8,,W,0,5,342284,,166588,B3133,"East of Arnolds Way, Yatton",0,South West,NORTH END,0,69,443,2015
4/16/2015,0,0,BU,,,,4,0,402,North Somerset,,E06000024,947248,5,17,5,,W,3,4,342284,,166588,B3133,"East of Arnolds Way, Yatton",1,South West,NORTH END,1,45,460,2015
4/16/2015,0,0,BU,,,,2,0,305,North Somerset,,E06000024,947248,1,18,9,,W,1,3,342284,,166588,B3133,"East of Arnolds Way, Yatton",0,South West,NORTH END,0,32,343,2015
4/17/2015,0,0,BU,,,,15,0,471,"Bristol, City of",,E06000023,946752,10,7,11,,N,7,11,354668,,177031,B4054,West of High Grove,2,South West,SHIREHAMPTON ROAD,1,107,614,2015
4/17/2015,0,0,BU,,,,9,1,507,"Bristol, City of",,E06000023,946752,6,8,9,,N,4,12,354668,,177031,B4054,West of High Grove,0,South West,SHIREHAMPTON ROAD,1,89,623,2015
4/17/2015,1,0,BU,,,,6,1,344,"Bristol, City of",,E06000023,946752,11,9,4,,N,9,7,354668,,177031,B4054,West of High Grove,0,South West,SHIREHAMPTON ROAD,0,79,447,2015
4/17/2015,2,0,BU,,,,2,1,318,"Bristol, City of",,E06000023,946752,10,10,2,,N,7,7,354668,,177031,B4054,West of High Grove,0,South West,SHIREHAMPTON ROAD,0,83,420,2015
4/17/2015,0,1,BU,,,,5,0,330,"Bristol, City of",,E06000023,946752,10,11,3,,N,7,6,354668,,177031,B4054,West of High Grove,0,South West,SHIREHAMPTON ROAD,2,71,422,2015
4/17/2015,1,1,BU,,,,3,0,348,"Bristol, City of",,E06000023,946752,5,12,4,,N,3,5,354668,,177031,B4054,West of High Grove,0,South West,SHIREHAMPTON ROAD,0,62,423,2015
4/17/2015,1,0,BU,,,,7,2,418,"Bristol, City of",,E06000023,946752,11,13,3,,N,7,9,354668,,177031,B4054,West of High Grove,1,South West,SHIREHAMPTON ROAD,0,96,541,2015
4/17/2015,0,0,BU,,,,7,3,373,"Bristol, City of",,E06000023,946752,12,14,2,,N,9,16,354668,,177031,B4054,West of High Grove,0,South West,SHIREHAMPTON ROAD,0,78,486,2015
4/17/2015,0,0,BU,,,,6,1,407,"Bristol, City of",,E06000023,946752,2,15,3,,N,1,8,354668,,177031,B4054,West of High Grove,0,South West,SHIREHAMPTON ROAD,0,87,510,2015
4/17/2015,0,1,BU,,,,9,1,422,"Bristol, City of",,E06000023,946752,5,16,5,,N,2,6,354668,,177031,B4054,West of High Grove,0,South West,SHIREHAMPTON ROAD,1,72,514,2015
4/17/2015,0,0,BU,,,,9,0,453,"Bristol, City of",,E06000023,946752,2,17,9,,N,1,8,354668,,177031,B4054,West of High Grove,0,South West,SHIREHAMPTON ROAD,1,66,538,2015
4/17/2015,0,0,BU,,,,7,0,356,"Bristol, City of",,E06000023,946752,1,18,3,,N,1,8,354668,,177031,B4054,West of High Grove,0,South West,SHIREHAMPTON ROAD,0,27,399,2015
4/17/2015,0,0,BU,,,,11,0,306,"Bristol, City of",,E06000023,946752,9,7,2,,S,9,6,354668,,177031,B4054,West of High Grove,0,South West,SHIREHAMPTON ROAD,0,98,430,2015
4/17/2015,1,1,BU,,,,11,1,445,"Bristol, City of",,E06000023,946752,12,8,3,,S,9,12,354668,,177031,B4054,West of High Grove,0,South West,SHIREHAMPTON ROAD,0,102,582,2015
4/17/2015,0,1,BU,,,,4,0,276,"Bristol, City of",,E06000023,946752,13,9,2,,S,12,8,354668,,177031,B4054,West of High Grove,0,South West,SHIREHAMPTON ROAD,0,82,383,2015
4/17/2015,3,0,BU,,,,4,0,272,"Bristol, City of",,E06000023,946752,15,10,2,,S,11,9,354668,,177031,B4054,West of High Grove,1,South West,SHIREHAMPTON ROAD,0,81,381,2015
4/17/2015,0,0,BU,,,,6,1,284,"Bristol, City of",,E06000023,946752,14,11,1,,S,11,10,354668,,177031,B4054,West of High Grove,0,South West,SHIREHAMPTON ROAD,2,59,373,2015
4/17/2015,1,0,BU,,,,5,1,300,"Bristol, City of",,E06000023,946752,8,12,1,,S,6,6,354668,,177031,B4054,West of High Grove,0,South West,SHIREHAMPTON ROAD,0,62,381,2015
4/17/2015,1,0,BU,,,,5,0,336,"Bristol, City of",,E06000023,946752,8,13,8,,S,7,7,354668,,177031,B4054,West of High Grove,0,South West,SHIREHAMPTON ROAD,0,83,439,2015
4/17/2015,0,1,BU,,,,10,2,414,"Bristol, City of",,E06000023,946752,8,14,5,,S,4,8,354668,,177031,B4054,West of High Grove,0,South West,SHIREHAMPTON ROAD,1,60,500,2015
4/17/2015,0,0,BU,,,,12,1,511,"Bristol, City of",,E06000023,946752,6,15,5,,S,5,8,354668,,177031,B4054,West of High Grove,0,South West,SHIREHAMPTON ROAD,0,105,642,2015
4/17/2015,0,0,BU,,,,13,0,422,"Bristol, City of",,E06000023,946752,4,16,11,,S,4,10,354668,,177031,B4054,West of High Grove,0,South West,SHIREHAMPTON ROAD,0,58,507,2015
4/17/2015,0,0,BU,,,,14,0,510,"Bristol, City of",,E06000023,946752,2,17,15,,S,2,4,354668,,177031,B4054,West of High Grove,0,South West,SHIREHAMPTON ROAD,0,63,593,2015
4/17/2015,0,0,BU,,,,8,0,420,"Bristol, City of",,E06000023,946752,1,18,7,,S,0,7,354668,,177031,B4054,West of High Grove,0,South West,SHIREHAMPTON ROAD,1,38,474,2015
